-- both test users have the password "password"

INSERT INTO users (username, password, first_name, last_name, email, is_admin)
VALUES ('testuser',
        '$2b$12$AZH7virni5jlTTiGgEg4zu3lSvAw68qVEfSIOjJ3RqtbJbdW/Oi5q',
        'Test',
        'User',
        'mia@miawu.com',
        FALSE),
       ('testadmin',
        '$2b$12$AZH7virni5jlTTiGgEg4zu3lSvAw68qVEfSIOjJ3RqtbJbdW/Oi5q',
        'Test',
        'Admin!',
        'mia@miawu.com', 
        TRUE);

INSERT INTO images (url)
VALUES ('https://i.mdel.net/i/db/2022/3/1668193/1668193-500w.jpg'),

        ('https://i.mdel.net/i/db/2023/4/1941323/1941323-800w.jpg'),
        ('https://i.mdel.net/i/db/2023/5/1947795/1947795-800w.jpg'),
        ('https://i.mdel.net/i/db/2023/5/1947796/1947796-800w.jpg'),

        ('https://i.mdel.net/i/db/2023/9/2046532/2046532-800w.jpg'),
        ('https://i.mdel.net/i/db/2023/9/2046533/2046533-800w.jpg'),
        ('https://i.mdel.net/i/db/2023/9/2046535/2046535-800w.jpg'),
        ('https://i.mdel.net/i/db/2023/9/2046561/2046561-800w.jpg'),

        ('https://i.mdel.net/i/db/2023/9/2047328/2047328-800w.jpg'),
        ('https://i.mdel.net/i/db/2023/9/2047329/2047329-800w.jpg'),

        ('https://i.mdel.net/i/db/2023/9/2028100/2028100-800w.jpg'),
        ('https://i.mdel.net/i/db/2023/9/2028670/2028670-800w.jpg'),
        ('https://i.mdel.net/i/db/2023/9/2028710/2028710-800w.jpg'),
        ('https://i.mdel.net/i/db/2023/9/2029161/2029161-800w.jpg'),

        ('https://i.mdel.net/i/db/2023/9/2047495/2047495-800w.jpg'),
        ('https://i.mdel.net/i/db/2023/9/2047496/2047496-800w.jpg'),
        ('https://i.mdel.net/i/db/2023/9/2047497/2047497-800w.jpg'),

        ('https://i.mdel.net/i/db/2023/9/2044933/2044933-800w.jpg'),
        ('https://i.mdel.net/i/db/2023/9/2044934/2044934-800w.jpg'),
        ('https://i.mdel.net/i/db/2023/9/2044937/2044937-800w.jpg'),
        ('https://i.mdel.net/i/db/2023/9/2044932/2044932-800w.jpg'),
        ('https://i.mdel.net/i/db/2023/9/2044935/2044935-800w.jpg'),

        ('https://i.mdel.net/i/db/2023/7/2007088/2007088-800w.jpg'),

        ('https://i.mdel.net/i/db/2023/9/2028812/2028812-800w.jpg'),
        ('https://i.mdel.net/i/db/2023/9/2028813/2028813-800w.jpg'),
        ('https://i.mdel.net/i/db/2023/9/2028815/2028815-800w.jpg'),
        ('https://i.mdel.net/i/db/2023/9/2028817/2028817-800w.jpg'),

        ('https://i.mdel.net/i/db/2023/9/2039856/2039856-800w.jpg'),

        ('https://i.mdel.net/i/db/2023/8/2024114/2024114-800w.jpg'),
        ('https://i.mdel.net/i/db/2023/8/2024113/2024113-800w.jpg'),
        ('https://i.mdel.net/i/db/2023/8/2024121/2024121-800w.jpg'),
        ('https://i.mdel.net/i/db/2023/8/2024125/2024125-800w.jpg'),

        ('https://i.mdel.net/i/db/2023/9/2048172/2048172-800w.jpg'),
        ('https://i.mdel.net/i/db/2023/9/2048173/2048173-800w.jpg'),
        ('https://i.mdel.net/i/db/2023/9/2048175/2048175-800w.jpg'),
        ('https://i.mdel.net/i/db/2023/9/2048176/2048176-800w.jpg'),
        ('https://i.mdel.net/i/db/2023/9/2048177/2048177-800w.jpg'),

        ('https://i.mdel.net/i/db/2023/9/2049651/2049651-800w.jpg'),
        ('https://i.mdel.net/i/db/2023/9/2049630/2049630-800w.jpg'),
        ('https://i.mdel.net/i/db/2023/9/2049629/2049629-800w.jpg'),

        ('https://i.mdel.net/i/db/2023/6/1988119/1988119-800w.jpg'),
        ('https://i.mdel.net/i/db/2023/6/1988120/1988120-800w.jpg'),
        ('https://i.mdel.net/i/db/2023/6/1988121/1988121-800w.jpg'),
        ('https://i.mdel.net/i/db/2023/6/1988122/1988122-800w.jpg'),

        ('https://i.mdel.net/i/db/2023/9/2038034/2038034-800w.jpg'),
        ('https://i.mdel.net/i/db/2023/9/2038032/2038032-800w.jpg'),
        ('https://i.mdel.net/i/db/2023/9/2038036/2038036-800w.jpg'),

        ('https://i.mdel.net/i/db/2023/9/2046120/2046120-800w.jpg'),
        ('https://i.mdel.net/i/db/2023/9/2047303/2047303-800w.jpg'),
        ('https://i.mdel.net/i/db/2023/9/2045787/2045787-800w.jpg'),
        ('https://i.mdel.net/i/db/2023/9/2044273/2044273-800w.jpg'),
        ('https://i.mdel.net/i/db/2023/9/2044327/2044327-800w.jpg'),
        ('https://i.mdel.net/i/db/2023/9/2044333/2044333-800w.jpg'),

        ('https://i.mdel.net/i/db/2023/9/2043565/2043565-800w.jpg'),
        ('https://i.mdel.net/i/db/2023/9/2046123/2046123-800w.jpg'),
        ('https://i.mdel.net/i/db/2023/9/2046201/2046201-800w.jpg'),
        ('https://i.mdel.net/i/db/2023/9/2046779/2046779-800w.jpg'),
        ('https://i.mdel.net/i/db/2023/9/2046235/2046235-800w.jpg'),
        ('https://i.mdel.net/i/db/2023/9/2046233/2046233-800w.jpg'),

        ('https://i.mdel.net/i/db/2023/9/2048028/2048028-800w.jpg'),
        ('https://i.mdel.net/i/db/2023/9/2047695/2047695-800w.jpg'),
        ('https://i.mdel.net/i/db/2023/9/2048029/2048029-800w.jpg'),
        ('https://i.mdel.net/i/db/2023/9/2047714/2047714-800w.jpg'),
        ('https://i.mdel.net/i/db/2023/9/2047795/2047795-800w.jpg'),
        ('https://i.mdel.net/i/db/2023/9/2049552/2049552-800w.jpg'),

        ('https://i.mdel.net/i/db/2023/9/2050365/2050365-800w.jpg'),
        ('https://i.mdel.net/i/db/2023/9/2050344/2050344-800w.jpg'),
        ('https://i.mdel.net/i/db/2023/9/2050409/2050409-800w.jpg'),
        ('https://i.mdel.net/i/db/2023/9/2050363/2050363-800w.jpg'),
        ('https://i.mdel.net/i/db/2023/9/2050367/2050367-800w.jpg'),
        ('https://i.mdel.net/i/db/2023/9/2050369/2050369-800w.jpg'),

        ('https://i.mdel.net/i/db/2023/9/2043543/2043543-800w.jpg'),
        ('https://i.mdel.net/i/db/2023/9/2043349/2043349-800w.jpg'),
        ('https://i.mdel.net/i/db/2023/9/2044649/2044649-800w.jpg'),
        ('https://i.mdel.net/i/db/2023/9/2043531/2043531-800w.jpg'),
        ('https://i.mdel.net/i/db/2023/9/2043722/2043722-800w.jpg'),
        ('https://i.mdel.net/i/db/2023/9/2043719/2043719-800w.jpg'),

        ('https://i.mdel.net/i/db/2023/8/2023372/2023372-800w.jpg'),
        ('https://i.mdel.net/i/db/2023/8/2023373/2023373-800w.jpg'),

        ('https://i.mdel.net/i/db/2023/9/2030446/2030446-800w.jpg'),

        ('https://i.mdel.net/i/db/2023/8/2021053/2021053-800w.jpg'),

        ('https://i.mdel.net/i/db/2023/8/2013902/2013902-800w.jpg'),
        ('https://i.mdel.net/i/db/2023/8/2013904/2013904-800w.jpg'),
        ('https://i.mdel.net/i/db/2023/8/2016102/2016102-800w.jpg'),
        ('https://i.mdel.net/i/db/2023/8/2016101/2016101-800w.jpg'),

        ('https://i.mdel.net/i/db/2023/7/2005729/2005729-800w.jpg'),
        ('https://i.mdel.net/i/db/2023/7/2005730/2005730-800w.jpg'),
        ('https://i.mdel.net/i/db/2023/7/2005731/2005731-800w.jpg'),

        ('https://i.mdel.net/i/db/2023/8/2024427/2024427-500w.jpg'),
        ('https://i.mdel.net/i/db/2019/9/1203953/1203953-500w.jpg'),
        ('https://i.mdel.net/i/db/2019/6/1142407/1142407-500w.jpg'),
        ('https://i.mdel.net/i/db/2017/11/806757/806757-500w.jpg'),
        ('https://i.mdel.net/i/db/2022/3/1661105/1661105-500w.jpg'),
        ('https://i.mdel.net/i/db/2017/2/645239/645239-500w.jpg'),
        ('https://i.mdel.net/i/db/2022/12/1838611/1838611-500w.jpg'),
        ('https://i.mdel.net/i/db/2016/11/610999/610999-500w.jpg'), 
        ('https://i.mdel.net/i/db/2021/12/1627561/1627561-500w.jpg'),
        ('https://i.mdel.net/i/db/2018/1/830570/830570-500w.jpg'), 
        ('https://i.mdel.net/i/db/2023/5/1953904/1953904-500w.jpg'),
        ('https://i.mdel.net/i/db/2022/8/1753531/1753531-500w.jpg'),
        ('https://i.mdel.net/i/db/2023/5/1944766/1944766-500w.jpg'),
        ('https://i.mdel.net/i/db/2021/2/1470188/1470188-500w.jpg'), 
        ('https://i.mdel.net/i/db/2017/6/715439/715439-500w.jpg'), 
        ('https://i.mdel.net/i/db/2018/6/919258/919258-500w.jpg'),
        ('https://i.mdel.net/i/db/2020/9/1393413/1393413-500w.jpg'),
        ('https://i.mdel.net/i/db/2020/11/1422435/1422435-500w.jpg'),
        ('https://i.mdel.net/i/db/2015/2/344596/344596-500w.jpg'),
        ('https://i.mdel.net/i/db/2023/8/2013256/2013256-500w.jpg'),
        ('https://i.mdel.net/i/db/2022/11/1825901/1825901-500w.jpg'),
        ('https://i.mdel.net/i/db/2018/9/975159/975159-500w.jpg'),
        ('https://i.mdel.net/i/db/2023/9/2028278/2028278-800w.jpg'),
        ('https://i.mdel.net/i/db/2019/1/1045162/1045162-500w.jpg'),
        ('https://i.mdel.net/i/db/2023/7/1989639/1989639-500w.jpg'),
        ('https://i.mdel.net/i/db/2023/7/1994541/1994541-500w.jpg'),
        ('https://i.mdel.net/i/db/2023/9/2050286/2050286-800w.jpg'),
        ('https://i.mdel.net/i/db/2020/8/1371166/1371166-500w.jpg'),
        ('https://i.mdel.net/i/db/2022/12/1828157/1828157-500w.jpg');

INSERT INTO people (fullname,
                       profile_img,
                       role,
                       biography,
                       birthday,
                       nationalities,
                       social_media,
                       follower)
VALUES ('bella-hadid', 1, 'Model',
        'Isabella Hadid is an American supermodel of Dutch and Palestinian descent, actress, and social media influencer. Born in Los Angeles, California, she is the younger sister of supermodel Gigi Hadid. Bella began her modeling career in 2014 and quickly rose to prominence, walking in major fashion shows for designers such as Chanel, Dior, and Marc Jacobs.', 
        '1996-10-09', 'United States, Palestine', 'https://www.instagram.com/bellahadid/', 59600000),
        ('ethan-james-green', 89, 'Photographer', NULL, NULL, 'United States', 'https://www.instagram.com/ethanjamesgreen/',152300),
        ('gabriella-karefa-johnson', 90, 'Stylist', 'Global Fashion Editor-at-Large at Vogue', NULL, NULL,'https://www.instagram.com/gabriellak_j/', 376500),
        ('jawara', 91, 'Hair Stylist', 'International hairstylist Jawara is one of the most sought after names in fashion. The Contributing Beauty Editor for Dazed Beauty has a number of notable accolades under his belt, including a British Fashion Council New Wave Creatives Award as well as Business of Fashion 500 and Dazed 100 rankings.',
        NULL, NULL, 'https://www.instagram.com/jawaraW/', 67800),
        
        ('carlijin-jacobs', 92, 'Photographer', NULL, NULL, NULL, 'https://www.instagram.com/carlijnjacobs/', 236000),
        ('imruh-asha', 93, 'Stylist', 'Fashion Director of Dazed Magazine', NULL, NULL, 'https://www.instagram.com/imruh/', 77600),
        ('mustafa-yanaz', 94, 'Hair Stylist', NULL, NULL, NULL, 'https://www.instagram.com/mustafayanaz/', 36000),
        
        ('stephanie-seymour', 5, 'Model', 
        'Born in San Diego, California, Stephanie Seymour rose to prominence as a finalist in Elite Model Look''s predecessor ''Look of the Year'', at 15. One of the original Victoria''s Secret Angels, she went on to score memorable work for Sports Illustrated, Playboy and Estee Lauder. Muse of Alaia, she''s also known for her appearances in classic Guns ''N Roses music videos. Has a child, Dylan, with Tommy Andrews and three children with Peter Brant, Harry (who passed away in Dec 2021), Lilly and Peter Jr.',
        '1968-07-23', 'United States', 'https://www.instagram.com/stephanieseymour/', 244200),
        ('anna-dello-russo', 95, 'Stylist', 'Fashion editor and editor at large of Vogue Japan. One of fashion most stylish women.', NULL, NULL, 'https://www.instagram.com/annadellorusso/', 2000000),
        ('lauren-hutton', 6, 'Model',
        'From Charleston, South Carolina, Lauren Hutton started out as a Playboy Club waitress briefly before graduating with a Bachelor of Arts. Her fresh beauty and gap tooth, which she was advised to hide at the start of her career but ended up becoming her signature look, landed her a record-breaking deal (at the time) with Revlon. Lauren also booked Chanel, Vogue, and launched an acting career. After a comeback in the 90''s, a near-fatal motorcycle crash, and the launch of her cosmetics brand, Lauren Hutton''s Good Stuff, she once again came back in the late ''00s and has been working for clients like The Row, Tom Ford, Bottega Veneta and Harper''s Bazaar to this day.',
        '1943-11-17', 'United States', NULL, NULL),
        ('michael-philouze', 96, 'Stylist', NULL, NULL, NULL, 'https://instagram.com/michael_philouze', 13100),
        ('paulina-porizkova', 7, 'Model', NULL, NULL, 'Czech Republic', 'http://instagram.com/paulinaporizkov/', 1100000),
        ('gonn-kinoshita', 97, 'Hair Stylist', 'Gonn Kinoshita is a New York-based hairstylist. Kinoshita got his start in the industry as first assistant to hair legend Luigi Murena, for over six years, joining the creative team for memorable shows for brands such as Givenchy, Gucci, Emilio Pucci, Ferragamo, Rick Owens, N21, and more.',
        NULL, NULL, 'https://www.instagram.com/gonn24/', 7200), 
        ('elisabetta-dessy', 8, 'Model', NULL, NULL, 'Italy', 'https://www.instagram.com/elisabettadessy/', 12900), 
        ('geogi-sandev', 98, 'Makeup Artist', NULL, NULL, NULL, 'https://instagram.com/georgisandev', 48200),
        
        ('margaret-qualley', 9, 'Model', 'mother is Andie McDowell', NULL, 'United States', NULL, NULL), 
        ('samira-nasr', 99, 'Editor', 'Editor-in-chief of Harper''s Bazaar, former executive fashion director at Vanity Fair. Samira Nasr was born in Montreal, Canada. She came to New York to obtain masters in Journalism, and started working in fashion publishing. She first became a Market Assistant at Vogue Magazine, before going on to work with Grace Coddington for 3 years.',
        NULL, NULL, 'https://instagram.com/samiranasr', 168600), 

        ('alex-consani', 11, 'Model', NULL, NULL, NULL, 'https://www.instagram.com/alexconsani/', 307100), 
        ('arnaud-lajeunie', 100, 'Photographer', NULL, NULL, NULL, 'http://instagram.com/arnaudlajeunie', 29900), 
        ('karolina-spakowski', 12, 'Model', NULL, NULL, 'Germany', 'https://www.instagram.com/karoodoo', 6400), 
        ('valentina-li', 101, 'Makeup Artist', NULL, NULL, NULL, 'https://www.instagram.com/valentina1121li/', 122800), 
        ('charlotte-wales', 102, 'Photographer', NULL, NULL, NULL, 'http://instagram.com/charlottemwales/', 76600),

        ('hailey-bieber', 15, 'Model', 'Hailey Baldwin Bieber is an American model, television personality, and social media influencer. She was born in Tucson, Arizona and raised in a family of actors and performers. Hailey began her career as a model when she was signed at the age of 15. She has since gone on to walk in numerous high-profile fashion shows, such as the Victoria''s Secret Fashion Show and the Ralph Lauren show.',
        NULL, 'United States', 'https://www.instagram.com/haileybieber/', 50700000),
        ('precious-lee', 17, 'Model', NULL, NULL, NULL, 'https://www.instagram.com/preciousleexoxo', 464500),

        ('fernando-gomez', 103, 'Photographer', NULL, NULL, 'Spain', 'http://instagram.com/fernandogomezphoto', 36700),

        ('alexandra-nataf', 104, 'Photographer', NULL, NULL, NULL, 'http://instagram.com/alexandranataf', 38300),

        ('lily-rose-depp', 28, 'Model', NULL, NULL, 'France', 'http://instagram.com/lilyrose_depp', 8600000),
        ('ammy-drammeh', 117, 'Makeup Artist', NULL, NULL, NULL, 'https://instagram.com/ammydrammeh', 22200),

        ('ayla-murray', 29, 'Model', NULL, NULL, 'United Kingdom', 'https://instagram.com/ay.murray', 2200),
        ('seoyeon-lee', 30, 'Model', NULL, NULL, 'South Korea', 'https://instagram.com/leessseoyeon', 23900),

        ('greg-adamski', 105, 'Photographer', NULL, NULL, NULL, 'https://instagram.com/greg.adamski', 27700),

        ('tsunaina', 38, 'Model', NULL, NULL, NULL, 'https://www.instagram.com/tsunaina/', 364700),
        ('anna-castan', 106, 'Stylist', 'Fashion Director at Harper''s Bazaar Arabia', NULL, 'Spain', 'http://instagram.com/anetacastan', 939),
        
        ('the-weekend', 41,'Entertainer', 'Abel Makkonen Tesfaye, also known as The Weeknd', NULL, NULL, 'https://www.instagram.com/theweeknd/', 65300000), 
        ('andy-hillman', 107,'Stylist', NULL, NULL, NULL, 'https://instagram.com/andyhillmanstudio', 9600),

        ('lindsay-vrckovnik', 45, 'Model', NULL, NULL, 'Canada', 'https://instagram.com/linmick', 284000), 
        ('natalie-tauger', 108, 'Photographer', 'NATALIE TAUGER IS AN INTERNATIONAL FASHION STYLIST, CREATIVE CONSULTANT AND PHOTOGRAPHER. WITH OVER 12 YEARS IN THE FASHION INDUSTRY HER WORK HAS TAKEN HER AROUND THE WORLD, STYLING FASHION SHOWS IN LONDON, MILAN, SHANGHAI AND BEIJING AS WELL AS WORKING ON DESIGN FOR BRANDS INCLUDING ZARA, TOMMY HILFIGER AND PORTS 1961. SHE IS A LIFELONG NEW YORKER WHOS COMMITTED TO CREATING COMMUNITY AND BRINGING UNLIKELY PEOPLE TOGETHER.',
        NULL, NULL, 'https://instagram.com/natalietauger', 23800),

        ('liu-wen', 48, 'Model', 'Hailing from China, Liu Wen is widely recognized as China’s first ever Supermodel and a pioneer in the fashion industry.',
        '1988-01-27', 'China', 'http://instagram.com/LiuWenLW', 6100000), 
        ('lina-zhang', 49, 'Model',  NULL, NULL, 'China', 'https://www.instagram.com/linazhanglina/', 21800), 
        ('justas-djakonovas', 50, 'Model', NULL, NULL, NULL, 'https://www.instagram.com/justas.djakonovas/', 129),
        ('lara-menezes', 51, 'Model', NULL, NULL, 'Brazil',  'http://instagram.com/larameneeezes', 3900),
        ('matthieu-blazy', 109, 'Designer', 'Creative Director of Bottega Veneta', NULL, 'France', 'https://www.instagram.com/matthieu_blazy/', 171300),

        ('kendall-jenner', 56, 'Model', 'Kendall Nicole Jenner was born on November 3, 1995, in Los Angles, California, to parents Kris Jenner (née Kristen Mary Houghton) and Caitlyn Jenner, a U.S. Olympic gold medal decathlon winner. Kendall is an American socialite, television personality, and model.',
        '1995-11-03', 'United States', 'http://instagram.com/kendalljenner', 294600000),
        ('vittoria-ceretti', 57, 'Model', 'Born in Brescia, Italy, Vittoria Ceretti began her modeling career through the Elite Model Look competition, where she was chosen as a finalist in her home country during 2012.',
        NULL, 'Italy', 'http://instagram.com/vittoria', 1600000),
        ('mila-van-eeten', 58, 'Model', NULL, NULL, 'Netherlands', 'https://instagram.com/milavaneeten', 19900),
        ('mica-argañaraz', 59, 'Model', NULL, NULL, 'Argentina', 'https://instagram.com/micarganaraz', 405000),

        ('ajah-angau-jok', 63, 'Model', NULL, NULL, 'South Sudan', 'https://www.instagram.com/ajah_angau/', 5000),
        ('majda-john-peter', 64, 'Model', NULL, NULL, 'South Sudan', 'https://instagram.com/majdajohnpeter', 105300),
        ('tanya-churbanova', 65, 'Model', NULL, NULL, NULL, 'https://www.instagram.com/tanya_churbanova/', 15700),

        ('heather-diamond-strongarm', 69, 'Model', 'Heather Diamond Strongarm is a Canadian of First Nations descent who resides on the Fishing Lake First Nation, located in Saskatchewan, Canada. She is Saulteaux-Cree and one of very few in the world who speaks the traditional Nakawe language. She is also a jingle dancer who performs traditional healing dances in the Indigenous culture. In Heather''s spare time, she loves to draw, read, travel and try new foods from other cultures. She also appreciates film, Japanese animation, and sci-fi, even naming her calico sphynx cat Kylo Ren. In the eventual future, Heather dreams of attending university to become a social worker.',
        NULL, 'Canada', 'https://instagram.com/hstrongarm', 5600 ),
        ('olivia-jonasz', 70,'Model', NULL, NULL, 'Australia', NULL, NULL),
        ('sun-mizrahi', 71,'Model', NULL, NULL, 'Israel', 'https://instagram.com/sunmizrahii', 24100),

        ('morena-grasso', 76,'Model', NULL, NULL, NULL, 'https://www.instagram.com/morenaagrasso/', 723),
        ('hejia-li', 77,'Model', NULL, NULL, 'China', NULL, NULL),

        ('peter-langer', 110, 'Photographer', 'As photographer and director, Peter shoots creative still life - using moments of old and new- capturing the real texture of the object and creating artificial environments through layering and collage.',
        NULL, NULL, NULL, NULL),
        ('edward-quarmby', 111, 'Art Director', NULL, NULL, NULL, 'http://instagram.com/edwardquarmby', 5000),

        ('agel-akol', 80, 'Model', NULL, NULL, NULL, 'https://www.instagram.com/agellyva/', 1900), 
        ('ferdinando-verderi', 112, 'Creative Director', 'Ferdinando Verderi is an Italian Creative Director, based in NY. Former Creative Director of Vogue Italia.',
        NULL, 'Italy', 'https://www.instagram.com/ferdinandoverderi/', 102000),

        ('em-verleun', 81, 'Model', NULL, NULL, 'Netherlands', 'https://instagram.com/emverleun', 3300), 
        ('maxime-froge', 113, 'Photographer', NULL, NULL, 'France', 'https://instagram.com/maximefroge', 21500),
        ('elie-benistant', 114, 'Photographer', NULL, NULL, 'France, South Africa', 'https://instagram.com/eliebenistant', 2300), 
        ('olivier-schawalder', 115, 'Hair Stylist', NULL, NULL, NULL, 'https://www.instagram.com/olivierschawalder/', 29900),

        ('will-woodward', 86, 'Model', NULL, NULL, 'United Kingdom', 'https://instagram.com/wlmw03', 891), 
        ('bartek-szmigulski', 116,'Photographer', NULL, NULL, Null, 'http://instagram.com/smiggi', 72100);


INSERT INTO works (title, client, type, source, publish_time)
VALUES ('American Vogue April 2022 Cover', 'American Vogue', 'Magazine Covers', 'https://www.vogue.com', '2022-04-01'), 
        ('Vogue Italia May 2023 Cover', 'Vogue Italia', 'Magazine Covers', 'https://www.vogue.it', '2023-05-01'),
        ('Vanity Fair Italia Oct 2023 Covers', 'Vanity Fair Italia', 'Magazine Covers', 'https://www.vanityfair.it/', '2023-10-04'),
        ('Harper''s Bazaar U.S. October 2023 Cover', 'Harper''s Bazaar U.S.', 'Magazine Covers', 'https://www.harpersbazaar.com/', '2023-10-01'),
        ('Pop Magazine #49 Fall/Winter 2023 Covers', 'Pop Magazine', 'Magazine Covers', 'http://thepop.com/', '2023-09-04'), 

        ('Rhode Skin Peptide Lip Tint 2023', 'Rhode Skin', 'Advertising', 'https://www.rhodeskin.com/', '2023-10-01'),
        ('Devotion digital campaign', 'Dolce & Gabbana Beauty', 'Advertising', 'https://www.dolcegabbana.com/', '2023-09-05'),
        ('Vogue Japan September 2023 Cover', 'Vogue Japan', 'Magazine Covers', 'http://www.vogue.co.jp/', '2023-09-02'),
        ('J. Crew F/W 2023 by Alex Nataf', 'J. Crew', 'Advertising', 'https://www.jcrew.com/', '2023-09-04'),
        ('Chanel Première Édition Originale 2023 Campaign', 'Chanel', 'Advertising', 'http://www.chanel.com/', '2023-09-02'),

        ('Chanel Beauty', 'Harper''s Bazaar France', 'Editorial', 'https://www.harpersbazaar.fr/', '2023-09-06'),
        ('1001 Nights', 'Harper''s Bazaar Arabia', 'Editorial', 'https://www.harpersbazaararabia.com/', '2023-09-01'),
        ('Tsuaina by Jack Waterlot', 'Grazia International', 'Editorial', 'http://www.graziainternational.com/', '2023-10-02'),
        ('The Idol', 'W Magazine', 'Editorial', 'http://www.wmagazine.com/', '2023-05-01'),
        ('LINDSAY', 'LOOK ONE', 'Editorial', 'https://www.instagram.com/lookoneworld/', '2023-09-11'),

        ('Bottega Veneta S/S 24 Show', 'Bottega Veneta', 'Shows', 'http://www.vogue.com/', '2023-09-23'),
        ('Versace S/S 24 Show', 'Versace', 'Shows', 'http://www.versace.com/', '2023-09-22'),
        ('Saint Laurent S/S 24 Show', 'Saint Laurent', 'Shows', 'http://www.ysl.com/', '2023-09-26'),
        ('Givenchy S/S 24 Show', 'Givenchy', 'Shows', 'http://www.givenchy.com/', '2023-09-28'),
        ('Gucci S/S 24 Show', 'Gucci', 'Shows', 'http://www.gucci.com/', '2023-09-22'),

        ('Louis Vuitton Women''s Fall-Winter 2023', 'Louis Vuitton', 'Social Media', 'https://www.instagram.com', '2023-07-01'),
        ('Prada FW 23', 'Prada', 'Social Media', 'https://www.instagram.com', '2023-07-01'),
        ('Lady Million Fragrance ', 'Rabanne', 'Social Media', 'https://www.pacorabanne.com/', '2023-07-01'),
        ('Shu Uemura x Jisoo Baik aw23/24', 'Shu Uemura', 'Social Media', 'https://www.pacorabanne.com/', '2023-07-01'),
        ('A Sinner In Pearls Summer 2023', 'Various Campaigns', 'Social Media', 'https://www.pacorabanne.com/', '2023-07-01');




INSERT INTO work_image (work_id, image_id)
VALUES (1, 1), 
        (2, 2), (2, 3), (2, 4),
        (3, 5), (3, 6), (3, 7), (3, 8),
        (4, 9), (4, 10),
        (5, 11), (5, 12), (5, 13), (5, 14),

        (6, 15), (6, 16), (6, 17),
        (7, 18), (7, 19), (7, 20), (7, 21), (7, 22),
        (8, 23),
        (9, 24), (9, 25), (9, 26), (9, 27),
        (10, 28),

        (11, 29), (11, 30), (11, 31), (11, 32), 
        (12, 33), (12, 34), (12, 35), (12, 36), (12, 37), 
        (13, 38), (13, 39), (13, 40),
        (14, 41), (14, 42), (14, 43), (14, 44),
        (15, 45), (15, 46), (15, 47),

        (16, 48), (16, 49), (16, 50), (16, 51), (16, 52), (16, 53), 
        (17, 54), (17, 55), (17, 56), (17, 57), (17, 58), (17, 59),
        (18, 60), (18, 61), (18, 62), (18, 63), (18, 64), (18, 65), 
        (19, 66), (19, 67), (19, 68), (19, 69), (19, 70), (19, 71),
        (20, 72), (20, 73), (20, 74), (20, 75), (20, 76), (20, 77), 

        (21, 78), (21,79),
        (22, 80),
        (23, 81),
        (24, 82), (24, 83), (24, 84), (24, 85), 
        (25, 86), (25, 87), (25, 88);


INSERT INTO people_image (artist, image_id)
VALUES ('bella-hadid', 1), ('ethan-james-green', 1), ('gabriella-karefa-johnson', 1),('jawara', 1),
        ('bella-hadid', 2), ('carlijin-jacobs', 2), ('imruh-asha', 2), ('bella-hadid', 3), ('mustafa-yanaz', 3), ('bella-hadid', 4),
        ('stephanie-seymour', 5), ('anna-dello-russo', 5), ('lauren-hutton', 6), ('michael-philouze', 6), ('paulina-porizkova', 7), ('gonn-kinoshita', 7), ('elisabetta-dessy', 8), ('geogi-sandev', 8),
        ('margaret-qualley', 9), ('samira-nasr', 9), ('margaret-qualley', 10), ('samira-nasr', 10),
        ('alex-consani', 11), ('arnaud-lajeunie', 11), ('karolina-spakowski', 12), ('valentina-li', 12), ('ammy-drammeh', 12), ('karolina-spakowski', 13), ('charlotte-wales', 13), ('karolina-spakowski', 14), ('charlotte-wales', 14),

        ('hailey-bieber', 15), ('hailey-bieber', 16), ('precious-lee', 17),
        ('fernando-gomez', 18), ('fernando-gomez', 19), ('fernando-gomez', 20), ('fernando-gomez', 21), ('fernando-gomez', 22),
        ('hailey-bieber', 23),
        ('lauren-hutton', 24), ('alexandra-nataf', 24), ('lauren-hutton', 25), ('alexandra-nataf', 25), ('lauren-hutton', 26), ('alexandra-nataf', 26), ('lauren-hutton', 27), ('alexandra-nataf', 27),
        ('lily-rose-depp', 28), ('ammy-drammeh', 28),

        ('ayla-murray', 29), ('seoyeon-lee', 30), ('ayla-murray', 31), ('seoyeon-lee', 32),
        ('greg-adamski', 33), ('greg-adamski', 34), ('greg-adamski', 35), ('greg-adamski', 36), ('greg-adamski', 37), 
        ('tsunaina', 38), ('anna-castan', 38), ('tsunaina', 39), ('anna-castan', 39), ('tsunaina', 40), 
        ('the-weekend', 41), ('andy-hillman', 41), ('lily-rose-depp', 42), ('andy-hillman', 42), ('the-weekend', 43), ('andy-hillman', 43), ('lily-rose-depp', 44),
        ('lindsay-vrckovnik', 45), ('natalie-tauger', 45), ('lindsay-vrckovnik', 46), ('natalie-tauger', 46), ('lindsay-vrckovnik', 47),  ('natalie-tauger', 47),

        ('liu-wen', 48), ('matthieu-blazy', 48), ('lina-zhang', 49), ('justas-djakonovas',50), ('lara-menezes', 51), ('karolina-spakowski', 52), ('lara-menezes',53),
        ('karolina-spakowski', 54), ('liu-wen', 55), ('kendall-jenner', 56), ('vittoria-ceretti', 57), ('mila-van-eeten', 58), ('mica-argañaraz', 59),
        ('mica-argañaraz', 60), ('lara-menezes', 61), ('mila-van-eeten', 62), ('ajah-angau-jok', 63), ('majda-john-peter', 64), ('tanya-churbanova', 65), 
        ('liu-wen', 66), ('majda-john-peter', 67), ('karolina-spakowski', 68), ('heather-diamond-strongarm', 69), ('olivia-jonasz', 70), ('sun-mizrahi', 71), 
        ('olivia-jonasz', 72), ('sun-mizrahi', 73), ('majda-john-peter', 74), ('heather-diamond-strongarm', 75), ('morena-grasso', 76), ('hejia-li', 77), 

        ('peter-langer', 78), ('peter-langer',79),('edward-quarmby', 78), ('edward-quarmby', 79),
        ('agel-akol', 80), ('ferdinando-verderi', 80),
        ('em-verleun', 81), ('maxime-froge', 81),
        ('elie-benistant', 82), ('elie-benistant', 83), ('elie-benistant', 84), ('elie-benistant', 85), ('olivier-schawalder', 82), ('olivier-schawalder', 83), ('olivier-schawalder', 84), ('olivier-schawalder', 85), 
        ('will-woodward', 86), ('will-woodward', 87), ('will-woodward', 88), ('bartek-szmigulski', 86), ('bartek-szmigulski', 87), ('bartek-szmigulski', 88);

INSERT INTO favorites (username, artist)
VALUES ('testuser', 'bella-hadid');


      